protid,protLen,0,0,0,1,1,1
P16104;Q96QV6;A4FTV9;B2R5B3;P04908;P0C0S8;P20671;Q08AJ9;Q6FI13;Q7L7L0;Q93077;Q16777;Q9BTM1;A3KPC7;Q96KK5;Q99878;C9JE22;Q9BTM1-2;B2R5B6;Q8IUE6;P0C0S5;Q71UI9;C9J0D1;A6NN01;B4E0B3;A6NKY0;A6NFA8;C9J386;A8MQC5,1,-10.1748,21.57658,-11.79741,21.6756,-13.53891,21.91554
P04406;Q2TSD0;E7EUT4;E7EUT5;Q0QET7;A4UCT1;E7EPW1;Q5ZEY3,1,20.84445,20.82648,20.52258,20.91634,21.22588,20.78532
P29590;P29590-7;Q9BZY1;P29590-11;P29590-8;P29590-3;P29590-6;Q15156;P29590-13;P29590-9;P29590-5;E9PG00;P29590-2;P29590-12;Q59H09;P29590-4;A4VCI9;E9PBR7;P29590-10;P29590-14;Q59GQ8;Q05835,1,-10.73202,-11.98464,-10.42344,-7.477787,-14.00278,-11.96467
A5JHP3;P81605;Q53YJ2,1,21.5695,21.77989,-12.43826,21.44081,21.40561,20.8966
Q92794;A5PKX7;A5PLL3,1,-9.716413,-3.583641,-17.64762,-8.342788,-10.27187,-16.43587
A5YM50;Q15907;Q5U0I1;Q6FHR0;B4DMK0;B4DMN1;Q6FI42;P62491;B4DT13;B4DQU5,1,22.25381,22.27523,22.3938,20.48886,20.20729,20.32608
Q14315;Q14315-2;E9KL45;P21333;P21333-2;B2ZZ83;Q60FE5;Q60FE6;Q5HY54;O75369;Q60FE7;O75369-2;O75369-3;O75369-6;A6NDY9;B2ZZ80;O75369-4;O75369-5,1,17.14967,-13.14418,-10.14975,-9.094846,-11.56903,-9.011176
A6NE09;P08865;C9J9K3;Q96RS2;C9JQR9,1,19.60259,20.11426,19.26591,19.04354,18.54808,-15.37007
B4DUT8;Q53GK7;Q6FHC3;Q6FHE4;Q99439;B4DDF4;A6NFI4,1,-11.94525,-10.09451,-13.05105,-8.697504,-3.733516,-15.28478
P30044;A6NG06;B7ZLJ4;P30044-2;A6NC19;B7ZVW3,1,19.97519,20.10917,19.06863,18.47908,18.01149,18.66837
A6NHL2;A6NHL2-2,1,-12.56135,-7.988067,-13.00901,-9.405752,-14.37151,16.64005
Q8NI27;Q8NI27-2;E9PHG2;Q5JZ13;A6PVD0,1,-18.3428,-5.515328,-11.6108,-14.80355,-7.519837,-10.10585
A8K0T9;P52907,1,-8.070804,19.27394,18.9881,-16.03139,-4.297441,-12.72701
B2R8N1;Q53QS9;Q99627;E9PGT6;A8K1H6,1,-6.645485,-3.159239,-6.579911,-7.806178,-10.67114,16.4076
A8K220;A8K486;P62937;B2RE56;B4DM82;C9J5S7;Q71V99;Q567Q0;E5RIZ5,1,22.1986,22.38929,22.38087,21.16944,21.32592,21.29418
A8K2X8;E7ENZ3;B4DYC8;B4DE30;B4DYD8;Q96GI1;B4DZY9;Q9HB74;D6RIZ7,1,21.44294,21.35676,21.02439,27.51676,27.83744,27.34908
A8K3K1;P68032;P68133;B7Z6P1;D2JYH4;P62736;P63267;A6NL76;Q5T8M8;B3KW67;B3KUD3;Q5T8M7;B4DUI8;Q13707;E7EQV5;Q7Z7J6;B4E315;E9PG30;B7Z6I1;Q5T9N7;C9JFL5;B8ZZJ2;C9JZR7;C9JUM1;B3KPP5;C9JTX5;Q562L3;Q562M3;Q562M5;Q562N2;Q562P8;Q562Q0;Q562Q2;Q562Q4;Q562Q6;Q562Q8;Q562Q9;Q562R0;Q562R5;Q562R6;Q562T0;Q562T3;Q562T4;Q562T5;Q562T6;Q562T8;Q562U0;Q562U1;Q562W2;Q562X0;Q562X1;Q562X2;Q562X4;Q562X6;Q562X7;Q562Y4;Q562Y8;A0AUL6,1,-8.780886,-17.22744,-11.99804,-11.46239,-9.619148,-16.34999
A8K4I2;P16403;P16402;A3R0T7;A3R0T8;B2R984;P10412;Q4VB24;Q02539;A1L407;P22492,1,20.76418,20.74993,21.21561,21.25678,21.20574,20.81245
Q99615;A8K4T2;Q59EH7;B7Z9W6;Q7Z784;B4DKK3,1,-10.2706,18.26467,-12.02999,-12.49216,-4.80777,-9.250307
B4DSZ4;E7EWS7;A8K4W8;P68036;B4DDG1,1,19.52338,19.43561,19.70301,18.72341,19.21295,19.45617
A8K4Z4;P05388;Q53HW2;Q8NHW5;B4E3D5;Q3B7A4;Q6NSF2;Q53HK9,1,17.82607,-15.11839,-13.71657,-9.695791,-14.91231,-20.01069
Q59EJ3;A8K5I0;P08107;B4DNT8;B4DWK5;B4DI39;B4E3B6;B4DFN9;E7EP94;B4E388;B4E1S9;B4DVU9;B4DNV4;C9JCM4;E7EP11;B2R6X5;B3KSM6;P17066;Q53FC7;B3KTT5;Q5SP16;B4DNX1;B4E1T6;P48741;B4DHP5,1,20.3722,19.70376,20.21916,19.89714,19.99175,20.05457
A8K5T7;Q9Y2Z0;A8K7W3;Q9Y2Z0-2;B4DYC6,1,-11.04554,-8.394851,-12.22395,-12.15968,-9.030668,-9.055989
Q59EM9;Q66K58;P0CG48;A8K674;Q96H31;Q96MH4;Q96C32;Q9UFQ0;P0CG47;Q5PY61;Q5U5U6;B2RDW1;P62979;Q5RKT7;B4DV12;Q5UGI3;P62987;Q3MIH3;Q49A90;Q8WYN9,1,25.01933,25.02817,25.25324,24.37498,24.61352,24.12123
Q3ZCU9;A8K690;P31948;B4DM70,1,-15.79622,-12.4429,-8.251936,-14.61531,-6.618255,-11.69185
Q05D08;Q9UQ80;Q6PIN5;A8K6Y1,1,19.58187,19.67385,19.48418,-9.563393,-9.759739,-13.90931
Q14240-2;Q14240;A8K7F6;P60842;E7EQG2;Q9NZE6;B4DNH2;A8K088;Q96B07;Q59F68;B4DJX6;B4DKP9,1,20.29019,-3.275673,18.7028,-9.760659,-11.02793,-8.931159
Q59HD4;A8K7X6;Q68Y55;B4DLC0;Q6IPF4;Q15366;Q32Q82;B4DXP5;B4DRD7;P57721;P57721-4;A8MX33;E9PFP8;Q5MJP6;P57721-5;P57721-3;P57721-2,1,22.9206,23.02955,22.65014,21.91368,21.96141,22.22335
Q9UBL6;B7Z1M3;Q9HCH3;B7Z370;Q96A23-2;Q86YQ8;Q9UBL6-2;O95741;Q96A23;Q8IYJ1;A8K8A4;Q96FN4;O75131;B2RD40;Q719H8;B3KWK1;Q7Z6C8;Q86VY2;Q4G168,1,-7.090923,-13.03055,17.60074,-15.48375,-7.483465,-9.849869
Q13561-2;Q53H88;Q13561-3;Q13561;B3KTX4;A8K8J9,1,-13.29258,-11.61868,-16.22564,-11.85453,-13.5876,-8.071517
A8K9C4;P68104;Q53G85;Q53GE9;Q53HM9;Q53HQ7;Q53HR5;Q5VTE0;Q6IPN6;Q6IPS9;Q6IPT9;E7EUM7;Q6IQ15;B4DNE0;Q96RE1;Q53GA1;Q9NZS6;B4DV42;Q53G89;Q9H2I7;Q16577;Q53HR1;Q8IUB0;Q504Z0;Q6P4C9;Q96CD8;Q6P082;Q8TBL1;Q96C29;B4E2C5;Q05639;Q59GP5;Q14222;Q5JR01;A9X7H1;A6PW80;Q96EB3;E7EPH7;Q6NSH7;Q2F837;Q6NS35,1,25.19363,25.12912,24.41125,24.75903,24.928,24.59087
A8KAH7;P13861;Q9BUB1,1,-12.12438,-16.2057,-10.1214,-15.34898,-9.445698,-12.16657
A8KAY2;Q75N90;E7EP57;Q6ZNB8;B3KU56,1,-14.53446,-13.40562,-9.063076,-17.21276,-9.328329,-8.495333
Q9H2G2;Q9H2G2-2;REV__Q9P2R3-2;REV__Q9P2R3;REV__B3KPZ0;Q5M775;B4DZC9;A8MV89;B4E2A4;Q5M775-4;REV__Q5H9P4;Q5M775-2;Q5M775-3;Q5M775-5,1,19.92454,-8.690648,-6.982073,-12.38774,-12.12938,-12.40572
A8MVA2,1,-10.62001,-14.80463,-5.787057,-11.14217,-9.217167,-13.77398
C9JS35;Q92890-1;B4E3I3;Q541A5;Q92890;A8MW31;C9J6N9;B7Z9N3;A6NJ11;C9IZG3;C9JNP9,1,19.71,19.57119,19.18175,18.66716,18.48562,18.95311
A8MXP9;P43243;Q68D11;D6REM6;D6R991,1,-10.82731,-4.6525,-5.913542,-11.42858,-14.86205,-13.279
C9JE52;A8MZ76;Q2TNB3;Q6FHK9;Q86SZ7;Q9UL46,1,21.74755,21.54628,21.21804,20.50048,20.27537,20.84805
E7EX29;D0PNI1;P63104;B0AZS6;B7Z465;E7EX24;B7Z2E6;Q2F831;E7ESK7,1,19.81649,19.99811,19.79994,18.96002,18.55981,19.11802
Q13148-2;Q13148;B4DRW3;B1AKP7,1,-9.201861,-8.547015,-12.34555,-4.826214,-13.71331,-14.84832
P10599;B1ALW1;O60744,1,-10.34632,-10.56697,-11.52899,-7.476205,-12.8407,-10.40727
B2R4M6;P06702,1,-12.68759,-14.11326,-8.289717,-8.96431,-9.109454,-6.145557
B2R4P2;Q06830;Q13162;E9PEN3,1,21.84219,21.74086,20.95865,21.18707,-9.354398,20.667
E9PAV3;B2R4P8;Q13765;B4DDI8,1,19.63336,19.85194,19.99189,19.41607,19.86116,-11.03913
B2R4R0;P62805;Q0VAS5;Q6B823,1,-9.551398,20.73513,20.94528,20.9234,21.9374,20.9102
B2R4R9;P62857,1,21.36335,21.36608,21.48094,21.57768,20.64262,21.08868
B2R4U3;O00762;Q5TZN3;E1P5N7;A6NP33,1,19.57873,19.47781,18.81994,17.99722,17.64934,-9.015995
B2R679;Q5SQT9;Q6FID4;Q9NR31;Q8NG23;B4DQ19;D6RDB2;Q5SQT8;E9PBN0;Q5SQU0;D6RAA2,1,23.11618,22.90564,22.8795,22.50913,22.308,22.55194
B2R9K8;P40227;Q59ET3;B4DPJ8;A1JUI8;A6NCD2;B4DN39;Q92526;B4DYB0;B4DX20,1,20.17597,19.99272,19.95603,27.8846,27.92388,27.62659
B2R9U2;Q02790,1,-9.570673,-6.285736,-13.28069,-15.74234,-14.50727,-8.327213
B2RBR9;Q14974;B7Z752;B7ZAV6;B7Z5M1,1,18.6568,18.27653,-14.11772,17.96002,17.45282,-8.417989
P10809;B3GQS7;B7Z597;B7Z5E7;B7Z4F6;E7ESH4;Q53SE2;E7EXB4;B7Z532;C9JL25;B7Z712;C9JCQ4;C9JL19;C9J0S9;Q53QD5,1,23.93454,23.96402,23.99136,23.44468,23.2764,23.46376
B3KM68;Q9Y6E2;E7ETZ4;B7Z4K8;B5MCH7;B5MCE7;Q05D83;B4DLZ8;Q53FN7;B4DWF7;Q7L1Q6;E9PRN2;Q7L1Q6-2;Q75MG1;D3DN77,1,19.31358,19.20125,18.97396,-10.97263,-12.16192,-8.993392
B3KNA8;Q07352;B4E1N3;B4DG15,1,-10.32378,-6.598993,-9.45362,-9.234979,-9.904229,-11.74547
B3KUH0;Q8WUX9;E5RJI3;B3KRZ9;E5RIU9;B4DKJ6,1,17.05801,17.9016,-8.524639,-8.500674,-3.22365,-6.724072
B3KW39;Q5H9R6;Q8WXH5,1,-11.1052,-5.320193,-13.60777,-17.3987,-9.64648,-16.14916
E9PDP1;B3KXM2;Q07161;P36873-2;P62136;P36873;Q9UPN1;E9PMD7;P62140;B4DJ75;B7ZB67;B4E163;E7ETD8;C9JP48;C9J9S3;A6NNR3,1,19.56744,19.48564,19.48156,18.37105,18.27362,18.7264
P04350;B4DE77;B4DJ43;B4DFH6;E7EM46,1,-7.801593,18.33136,19.15247,-12.86542,-12.8622,-7.263447
P32119;B4DF70;A6NIW5,1,-12.16686,-14.48203,-12.85298,-9.178046,-6.847968,-9.206059
Q15417;Q6FHA7;B4DFK6;B4DP09;E7ENQ7;E9PDU6;Q9BWY6,1,19.49717,19.00306,18.5068,-14.06474,18.66171,19.17767
P08238;B4DGL0;B4DMA2;Q6PK50;Q58FF7;Q58FF8;A8K3W9;Q9H6X9;Q14568;Q86SX1;B4DTA5;O14942;P14625;Q5CAQ5;Q12931;Q53FS6;Q53G55;Q9BV61;B4DR68;Q8N9Z3;Q59FC6;Q96HX7;Q58FG1;Q96GW1;E9PHH7;Q5T9W4;Q5T9W8;B4DQX3;E9PHI1;E9PHI2;Q5T9W5;Q5T9W6,1,21.50896,21.49892,21.6747,20.74041,19.85345,20.78987
D3DPU2;B4DI38;B2RDY9;Q01518;B4DNW7;B4DNY3;Q01518-2;Q5T0R1;Q5T0R2;Q5T0R3;Q5T0R4;Q5T0R5;Q5T0R6;Q5T0R7;B4DNA3;B4DUZ8;Q5T0R9;E7ENY9,1,21.6832,21.56025,21.57261,21.13871,20.94027,21.01004
Q53FR9;Q9P000;E9PJ95;B4DQW0;E9PAN2;B4DIH0,1,-9.596016,18.24776,-7.699231,-10.7063,-10.17703,-13.45574
P61086;C9JGP1;B4DIZ2;D6RDM7,1,-8.994216,-12.62541,-5.835931,-8.976171,-7.628281,18.02702
P17812;B4DMB5;B4E1E0;B4DR64;B7Z9C4,1,-9.063957,-10.08892,-11.26493,-11.47813,-11.13477,-11.11889
P27348;B4DMT8;E9PG15;Q53S41;B4DY04;P31947;B3KNB4;P61981;B2R6N6;B5BU24;P31946;Q04917;P31946-2;B4DHC4;P31947-2;B4DE78;Q9H4N8,1,19.05931,-10.64312,-10.56383,-12.3908,-13.77153,18.07608
B5ME63;Q92835;Q92835-2;Q92835-3;B4DQ61,1,-5.391627,-9.045222,-8.187441,-9.703869,-6.676554,-10.21431
Q53G16;Q7Z4W5;Q9UMR2;Q9HBZ9;Q9NUU7;B4DXS6;E7EMK4;Q2NL95;Q9UMR2-2;B4DS24;E7EPY4,1,18.80146,-7.213804,-17.52335,-18.3976,-7.410078,-11.72704
E9PCF5;B4DT31;E9PEB5;C9JT73;Q96AE4-2;E7EMK0;Q96AE4;B4DWL1;B4E0X8;Q6PJY1;Q59FU3;C9JSZ1;A3KFK8;Q96I24;A6NJ37;Q96I24-2,1,21.01536,20.88487,20.59596,20.02188,20.60991,19.93848
Q14103;Q14103-2;Q14103-3;B4DTC3;Q14103-4;Q12771;B9ZVU1;D6RAF8;B4E0W4;D6RF44;D6RBQ9;O14979;O14979-2;B4DTA2;O14979-3;D6RD83,1,20.51768,20.62819,20.17207,19.77349,19.95844,20.11032
D3DUS9;P60174;P60174-2;Q2QD09;Q53HE2;B4DUI5;B7Z5D8,1,-16.60061,-14.39932,-4.663856,-12.01406,-10.43254,-10.70853
B4DVC9;Q9HCC8,1,-11.77196,-11.17168,-13.04863,-9.582706,-7.318869,-9.827092
B4DVM6,1,-10.26627,-7.581007,-12.44136,-6.40343,-8.491237,-14.16292
P25685;Q6FHS4;Q6FI51;B4DX52;B4DKK9,1,-11.34094,-5.602256,-9.866002,18.82448,-9.522322,-15.38411
Q15785;B4DXU3,1,19.30108,19.34886,19.13508,-9.882145,-16.95849,-14.1251
B4DZF2;Q59G42;D3DQV9;P78344;P78344-2;Q2TU89;E9PCV8;Q3LIE0,1,-8.065076,17.53374,-10.82608,-12.04515,-10.95889,-7.42203
Q9Y371-2;Q9Y371;B4E182,1,-2.551314,-7.276527,-7.441837,-14.31029,-7.28746,-5.179357
Q7L2H7;B4E2Q4;E9PRY0,1,-18.53351,-11.51614,-5.415677,-9.540758,-12.45726,-12.29454
P28066;Q5U0A0;B4E2V4,1,-12.5564,-11.23456,16.1719,-2.304186,-14.18422,-8.240927
B5BTY7;P78371;A8K402;B7Z243;B7ZAT2;B7Z7K4;B7Z4R3;Q9H369,1,21.85148,22.03671,21.9407,27.39942,27.44932,27.54694
B5BU32;B5BUF9;P04183,1,-9.703285,-11.10878,-5.453605,-10.84511,-14.27154,-10.94397
B5BU38;P04083;Q5TZZ9;Q5T3N1;Q5T3N0;B4DL19;Q05BR2,1,21.04059,20.88502,20.86439,18.36158,18.94135,-5.979648
Q8N6T3-2;Q8N6T3;B7ZBI2;Q8N6T3-3;B7Z3U0;E7EV62;B7Z8H8;E5RHH7,1,-13.99549,-8.407551,-16.42668,-19.41523,-9.075064,-11.88774
E7EQR4;P15311;Q6NUR7;B7Z5V2;A7YIJ8;B2R6J2;B0YJ88;P35241;P26038;B7Z2S7;B7Z9U6;B7Z437;Q05CU6;Q6PKD3;Q6PJT4;Q9UK20;Q9UJZ6;Q9UJZ7;Q9UJZ2;Q9UJU1,1,18.95923,18.9798,18.53069,-10.52651,-8.912332,-9.177257
B7Z6F8;Q14677,1,18.82886,-11.39138,-12.08519,-10.61272,-11.67442,-12.33422
B7Z7B4;Q3YAD3;E5RJY5,1,-7.253488,-5.818954,-8.674658,-14.79778,-15.08503,-3.245746
Q9NVD7;B7Z952;E9PS97;Q9NVD7-2,1,-9.460929,-11.15873,-13.67356,-9.492962,-9.836108,-10.73004
E9PAN3;P22061-2;P22061;B7Z972,1,19.20557,19.4868,20.23911,-11.12252,19.54538,19.36602
B7ZLS9;Q15431;Q9H2G7;Q5VXJ5,1,-10.23098,-7.656287,-15.66482,-7.089435,-11.6862,-11.56794
P22626;P22626-2;B8ZZ37,1,20.31274,20.01522,18.98151,19.64375,20.24098,19.74498
C7DJS2,1,-9.09039,-9.746332,-8.25273,-8.557491,-10.93754,-12.68969
Q15942;C9IZ41,1,-5.137085,-16.57598,-10.65647,-10.01639,-11.41379,-9.139287
Q9BUL8;C9J5C3;C9J6F3;C9J363;C9JND6;C9JSA3,1,-12.56861,-10.74126,-15.59777,-9.194325,-18.0781,-12.45802
E9PC16;C9JEQ5,1,-8.375236,-13.61158,-13.66537,-13.72985,-15.36838,-10.02013
P18085;C9JPM4;C9JAK5,1,22.84364,22.81016,22.56813,22.2741,21.73719,22.17618
P12318;P12318-2;C9JV69,1,-7.90622,-12.38811,-9.112876,-14.60927,-12.606,-11.54659
D3DQ70;D3DQ69;Q8NC51;Q8NC51-2;Q8NC51-3;Q5VU21;Q63HR1;Q8NC51-4,1,-12.37386,-7.763814,-17.1609,-5.07688,-8.629203,17.46786
Q53F37;Q9Y6B6;D6RD69;Q9H029;D6R9R5,1,-11.62784,-16.65691,-6.061913,-5.856223,-15.07747,-7.221815
D6W4Z6;P31350;B3KS26;Q8N6S3;C9JXC1;Q7LG56;Q7LG56-2;B4E2N4;Q6AI41;Q9UKM0,1,20.38669,20.38943,20.23421,19.6097,19.409,20.2207
P15924;D7RX09;Q4LE79;P15924-2;B4E2A0;B4DKX6;B4DWT7,1,-11.81575,-7.070099,-7.363226,-11.95,-11.31104,-17.99143
E2QRA8,1,-7.995414,-16.69051,-8.861359,-12.35387,-12.14096,-13.73487
E5KN55;E5KN59;Q08752;Q6FGM6;Q05DH6,1,-9.400893,-15.53695,-13.06128,-7.844266,-9.440896,-12.51987
E7ETK2;P62820;Q5U0I6;P59190;P59190-2;B4DEK7;P61006;Q92930;Q15286;Q92928;B4DMS1;E7END7;B7Z8M7;E9PLD0;B4DTA6;B4E390;Q59EP4;P62820-3;B3KTE3;B4DE50;P61018-2;Q6IQ22;Q504R6;Q5U602;Q9H082;A8MYT0;Q96E17;Q96AX2;P20336;A8K6I8;B2R8W8;O95716;P20337;Q53GC2;Q14964;Q8IWA7;C9JZA1;P20338;P61018;Q96DA2;Q86YS6;P20340;P20340-2;Q53ET8;Q6AZ91;Q6FGX3;Q9NRW1;A8K5R1;Q15771;P51153;B7Z3L0;B7Z337;A8MZI4;A8MTC6;A8MXF5;A8MSP2;A6NDJ8;B7Z772;E9PMZ4;A8MUU7;E9PMJ1;D3DV69;Q6MZH2;E9PBQ0;B7Z5Z9;P62820-2;B7Z4X1;E9PS06;E9PNB9;Q6PIK3;E9PRF7;Q6MZX6;E9PJQ5;C9JFM7;C9JU14;E9PI18;C9JB90;Q53SX4,1,-10.23681,-14.38528,-12.5036,-14.72107,-11.06173,-10.3476
Q8TAT6-2;E7EVD8;Q8TAT6;B4DG89,1,19.63839,20.18386,18.57186,18.21062,-7.802406,-8.940275
Q9H0U4;Q9H1C9;E7EWA5;Q6FIG4;Q92927,1,23.89208,23.98198,23.74273,22.67282,22.63962,22.37263
E9KL23;P01009;P01009-2;P01009-3;Q13747;Q9P173;C1KH65;A7L8C5;A7L8C6;B2D098,1,20.19039,-9.17988,-6.633758,19.48016,-15.74496,-9.44243
E9KL35;P63244;D6R9L0;D6R9Z1;D6RAC2;D6RHH4;D6RDF4;B4DVD2;D6RFX4;D6REE5;D6RFZ9;B4E0C3;E9PD14;D6RAU2;D6RF23;D6RBD0;B4DWC6;D6R909;D6RHJ5;D6RGK8,1,22.7494,22.82188,23.23513,22.19403,22.20735,22.10246
E9KL39;P37802;B7Z5A2,1,23.27056,23.22121,23.03547,22.45749,21.99016,22.59855
P37235;Q6FGY1;E9PC71;Q68CP5;O75544,1,-8.352623,-11.10304,-14.12968,-10.86768,-14.73029,16.22893
E9PDH9;Q68CQ5;P22234;E9PBS1;D6RF62;B4DGX3,1,19.58989,19.63041,18.8317,-14.70538,18.34508,-13.57689
Q15046-2;Q15046;E9PDU1;Q6ZTI3,1,-17.06647,-9.663883,-7.353502,-19.01993,-11.58113,-13.88716
Q8WUD1;P61019;Q5HYI5;E9PKL7;B4DMQ5;B4DUD4;E9PE37,1,19.60047,19.71431,19.1277,-16.13877,-13.25272,-12.06157
Q9UHX1;Q9UHX1-2;Q9UHX1-5;Q9UHX1-3;Q9UHX1-6;Q9UHX1-4;E9PQ56;E9PN18;E9PMU7;E9PL19,1,-15.87114,-10.66053,-9.407564,15.60574,-18.49609,-22.69006
E9PK25;P23528;E9PP50;E9PQB7;Q549N0;Q9Y281;B4E112;E9PS23;E9PLJ3,1,22.4381,22.38922,22.36666,21.75087,21.28308,21.29435
O14737;B4DE64;Q59GR9;Q3HM38,1,21.03059,20.54548,21.56123,28.76696,28.86304,28.60145
O43175;B3KSC3;Q5SZU1;Q9UMY2;Q8N5M8;Q9UMY3;Q96RV6;Q96RV7,1,21.11108,20.84751,20.54425,19.98607,19.97533,19.86478
O60493;O60493-4;O60493-3;O60493-2,1,20.12943,20.30775,20.00498,19.04705,-12.54809,-12.15891
O60664;O60664-3;O60664-2,1,22.81284,22.78905,22.8987,22.01376,22.08443,21.56941
O75340;Q53FC3;Q2YDC2,1,-5.848387,-8.700304,-10.43809,-8.903514,17.26077,-14.08705
P04632,1,22.87076,22.89759,23.22585,21.78788,21.66635,21.91232
P04792;E9PC00;B4DL87;C9J3N8,1,23.466,23.29852,22.92664,22.68541,22.72837,22.47338
P05109,1,-14.67645,-11.29236,-8.602048,-14.5864,-14.76911,-7.128574
P05198;Q53XC0,1,19.6046,19.77038,20.09171,19.89141,19.54542,19.34953
P05387;Q6FG96,1,21.68166,21.4206,21.29558,20.65211,20.97526,20.30162
P06733;P06733-2;E2DRY6;Q9BT62;Q96GV1;D3DTL2;P09104;P13929;Q6FHV6;E7ERT6;P13929-2;B7Z2X9;P13929-3;D3DTL4;Q9NPL4;A4QMW8,1,20.06894,19.9805,20.20275,-9.30103,19.39897,19.33723
P07355-2;P07355;A6NMY6;B4DNH8;B3KRQ1,1,25.34996,25.25158,25.17976,24.09184,23.9968,24.0441
P07384;B2RDI5;A8MSM1;B4DWH5;E9PRM1;E9PQB3;E9PLQ6;E9PSA6;E9PJA6;E9PMC6;E9PLC9;E9PJJ3;E9PLX0;E9PIA9,1,21.46508,21.429,21.70771,19.9959,19.90806,19.46408
P07437;Q5SU16;Q5JP53;B4DY90;B7ZAF0;Q6LC01;Q5ST81;B7ZAK1;B4DQN9;E7EX69;B4E052;Q9BUU9;B4DMU8;E9PBJ4;B4DMJ5;B4DXZ5;E7ENH1;Q96B85;Q1KSF8;A5D906;A5D907;A1L195;Q6P602;A4UCT2;A6NNZ2;Q5SQY0;C9JAA5;CON__ENSEMBL:ENSBTAP00000025008;Q9H4B7;A6NKZ8;Q5SQY1;A1L196;A4UCU2,1,24.5093,24.59024,24.54646,22.91379,22.79198,23.11634
P07737;Q53Y44,1,20.42634,20.55515,-8.811104,19.72442,19.87533,19.66007
P07900-2;P07900;Q2VPJ6;Q8TBA7;O75322;Q86U12,1,-5.987876,-14.31861,-15.1454,-12.62336,-8.531281,-15.26677
P08758;E7ENQ5;D6RBL5;D6RBE9;E9PHT9;B4DNG6,1,19.69729,19.32854,19.04817,18.29212,18.16315,19.23916
P09211;A8MX94;C7DJS1;B2C310,1,22.56888,22.45493,22.36209,22.41568,22.29765,21.92401
P09382,1,25.12017,25.13739,24.96354,24.19024,23.97044,24.05961
P09651;P09651-2;Q0VAC0;Q32P51;Q6IPF2;P09651-3;Q9BSM5;B4E0B5;B4DP35,1,19.90721,19.9045,19.93934,19.30425,19.05261,19.30828
P11142;Q53GZ6;E9PKE3;B3KTV0;E7ET08;P11142-2;Q53HF2;Q96IS6;E9PNE6;B4DTX2;E9PLF4;E9PN89;E9PK54;E9PQK7;E9PQQ4;B4E1Q1;E9PI65;E9PPY6;E9PN25;P54652;A8K7Q2;B3KUS2;Q96BE0;E9PS65;Q96H53;Q9NWW3;Q9NZ87;P11021;B4DEF7;C9IYE6;A4D111;E9PM13;E9PSH5,1,23.61358,23.56023,24.01171,23.54097,23.31769,23.14404
P11586;B7Z809,1,19.62578,20.54501,20.32608,-7.156656,19.10991,-13.73077
P12273,1,-10.83245,-10.53748,-10.03411,-13.35282,-12.67365,-10.41932
P13639;B4DPU3;Q8TA90;Q6PK56;B4DRE8;B4DMC6;Q6W6M8,1,23.80902,23.84,23.60162,22.4743,22.20774,22.27481
P14174,1,-13.83051,-7.483034,-7.183485,-7.248729,-2.875138,-12.24129
P14618;P14618-2;B4DUU6;E7EUQ8;E9PF79;B4DNK4;B4DRT3;Q8WUW7;E7EUJ4;Q504U3;Q9UKK4;Q9UK31;Q9NYI7;Q9UN47,1,22.23248,22.28729,21.86359,21.69562,21.39037,21.54581
P17987;E7EQR6,1,17.85392,17.0281,18.56309,27.4677,27.4964,27.33048
P18206;P18206-2;B3KXA2;B4E3Q9;P18206-3;Q5JQ13;B4DKC9;B4DTM7,1,21.10534,21.0001,19.93531,18.44273,19.34953,19.23079
P20290;P20290-2;D6RDG3,1,19.05515,18.77481,18.83201,-11.1861,-14.02654,18.37954
P22314,1,-11.2786,-9.795617,-14.92826,-9.461764,16.82488,-11.76276
P25398,1,23.54981,23.68752,23.9228,23.2254,23.59309,23.01667
Q9BUQ0;P26599-2;P26599;Q59H49,1,19.67533,20.05669,20.02797,19.48599,18.95356,19.06321
P30050;P30050-2;Q59FI9,1,19.5282,19.22771,19.76158,19.58602,19.40674,19.05608
P31151,1,21.41101,20.94049,-5.475178,-13.97814,-14.54195,-11.57172
P31949,1,-6.616476,-17.54778,-14.59551,-8.167336,-10.0172,-9.259502
P35754,1,-9.601591,-9.607951,-13.12461,-14.6505,-6.372745,-8.536594
P46060;B4DY16;B0QYT4;B0QYT5;B4E0U0;Q9BSK3;B0QYT6,1,-7.518831,-13.19537,-8.816086,-10.24924,-10.07651,-16.03507
P48643;Q9BU08;E7EWW2;B4DZT5;B4DXI1;E9PCA1;B7ZAR1;B4DDU6;B4DX08;D6RHV5,1,-10.50235,-9.97741,-13.23022,-13.70337,-9.895056,-8.993415
Q59H77;P49368;E9PAQ6;B3KX11;Q5SZY0;Q2TU64;B4DUR8;A6NE14;Q5SZX6;E9PRC8;Q5SZW8;Q5SZX9;E9PM09;E9PQ35;Q5SZX8;Q16878;Q16857,1,19.61184,19.67721,19.23673,27.72175,27.93568,27.5947
P50990;Q53HU0;B4DEM7;Q7Z759;B4DQH4,1,22.38743,22.56686,22.1832,27.88052,28.13256,27.85863
P50991;A8K3C3;B7Z8B1;B7Z9L0;B7Z2Z8;B7Z2F4,1,18.2702,19.35316,18.61924,27.32071,27.30583,27.11088
P51148;P20339;P61020;Q6FI44;Q6FI54;B4DJA5;B4DKD7,1,22.42401,22.49931,22.80075,21.62582,21.73723,21.4171
P51149;B4DPH9;C9J592;C9J8S3;C9J4V0;C9J4S4;C9J7D1;C9IZZ0,1,21.89807,21.86948,21.64777,20.35681,20.17121,20.69702
P61026;Q53T70,1,21.11388,22.00717,-10.0114,20.01209,20.61746,20.56104
P61088,1,21.85935,21.72226,21.87376,20.92832,20.85681,20.85711
P61106,1,-13.46907,-14.33496,-7.414689,-12.04448,-11.67296,-10.06022
P61204;P84077;B4DEB9;B4DLJ3;A4D0Z3;P84085;B4DN70;B4DJC8;C9J1Z8;B4E190;B7ZB63,1,21.42992,21.4289,21.03113,21.60603,21.18041,21.39603
P61289-2;P61289;Q6FHK7;B3KQ25;B7Z8D3,1,22.46214,22.42846,22.45651,21.61553,21.28444,21.46523
Q5VXS0;P61960,1,-5.901867,-11.14697,-7.353172,-9.288275,-9.663898,-14.19445
P62258;P62258-2;B7ZA86;B4DJB0;C9JAV0;B4DJF2,1,-9.879312,-9.866565,-16.13984,-19.80651,15.69759,-12.41216
P68371;Q8IWP6;Q8IZ29;Q8N6N5;B3KML9;Q96HX0;A8K854;Q3ZCR3;Q3ZCM7;Q99867;B4DNW1;C9JN87,1,18.85687,18.7881,18.63215,17.10728,16.97858,-12.10636
Q01995;Q5U0D2;Q6FI52;Q53GC9;E9PC82;Q59FA5;E9PJ32,1,21.99186,21.96116,22.44831,21.29905,21.51831,21.04414
Q02413,1,19.08613,19.28297,18.48821,-16.42682,-11.74063,-16.22421
Q06323;Q6FHU3;Q6IBM2;A6NJG9;Q86SZ9,1,23.0555,23.03174,23.0523,22.30563,22.26959,22.29955
Q07812-2;Q07812;Q07812-8;Q07812-7;Q07812-5;Q07812-4;Q07812-6;Q5ZPJ1;Q9UEI8,1,20.52726,20.44799,20.19484,19.19359,18.97259,19.80985
Q09666;Q6ZQN2;B5MEH8;Q13727;Q8N274;B4DTV0,1,22.77412,22.6297,21.90705,22.6742,23.10792,22.4803
Q12789;Q6AHZ7;Q12789-3,1,-7.720753,-11.3209,-8.819072,-13.33658,-14.03848,-16.25305
Q12955,1,-14.52854,-12.84884,-7.928349,-9.622491,-11.80639,-9.461664
Q13748;Q1ZYQ1;Q6PEY2;Q13748-2;B4DQK4;Q9UQM3,1,-10.66357,-14.06973,-12.08348,-14.28111,-5.237717,17.14907
Q13885;Q9BVA1;B2R6L0;O43209;B7Z4N1;Q9UGA2,1,-13.49121,-6.262399,-11.33813,-8.947213,-14.87637,-8.820883
Q14966-5,1,-7.021094,-14.92009,-13.04827,-12.08927,-7.937469,-11.1881
Q15365;Q53SS8,1,24.66622,24.74242,24.65589,23.77062,23.85158,23.54109
Q2NKY5,1,-15.55575,-10.25709,-14.05433,-8.462026,-13.69572,16.70819
Q9UMY4;Q3SYF1;Q9UMY4-2;A6NMW4,1,-7.442906,-11.63373,-6.078456,-19.74594,-13.79196,-10.40766
Q53GA7;Q9BQE3;B7Z1K5;E9PGK3;Q8N532,1,-11.74152,-11.2261,-11.21979,-9.335281,-6.95872,-15.17143
Q53HV2;Q99832;Q6IBT3;B7Z4T9;B8ZZC9;B7Z4Z7;B7Z7I4;B7Z1C9;A8MWI8,1,20.17524,20.24853,19.75053,27.4538,27.50325,27.39116
Q549M8;Q5RLJ0;Q9Y224,1,19.77843,19.70592,18.89552,-10.58809,18.03859,-8.44814
Q562R1,1,-8.519845,-10.30984,-18.02548,-6.304536,-10.44245,-12.38124
Q5RHS7,1,-12.1832,-12.45635,-17.51425,-7.780077,-8.588738,18.39933
Q5T6W5;P61978-2;Q6IBN1;P61978;P61978-3;B4DUQ1;Q5EC54;B4DFF1;Q5T6W2;Q5T6W1;B3KU16,1,20.83977,21.10687,20.64086,19.81011,19.92268,20.32202
Q5T749,1,20.20884,20.02445,20.65421,19.93919,19.96888,19.5098
Q6FG99;P05386;Q7Z612;Q6ICQ4,1,20.68603,20.81096,20.92796,20.37592,20.44556,20.28275
Q6GPH4-6,1,-15.89455,-12.66758,-8.491282,-12.51258,-13.26758,-11.67764
Q8IVF2;Q8IVF2-3,1,-12.25156,-7.448378,-17.52637,-9.166928,-5.064223,-2.999552
Q8NBJ5,1,-7.16766,-15.19173,-9.879982,-12.1978,-10.33225,21.02553
Q96C19;Q59EU6;Q9BUP0;Q5JYW8;C9JTI6;E9PFH3;B4DEE0;Q7Z2R5;Q53SA2,1,-10.63977,18.64776,18.75818,-15.16592,-12.90091,-8.669762
Q96FQ6,1,20.54519,20.61648,19.14143,19.61153,17.51044,17.52076
Q99471;Q9C084,1,-8.978248,-18.35719,-10.29207,-11.89493,18.06081,-9.915236
Q9BUF5;B4DP54;B3KS31;B4E386,1,-9.339276,-15.59846,-14.69548,14.72179,-7.716224,-8.1283
Q9BZK4,1,-9.736339,-9.588387,-9.981355,-13.86738,-12.08974,-11.07565
Q9C000;Q9C000-4;Q9C000-2;Q9C000-3,1,-11.13027,-7.488196,-9.515059,-1.631392,-8.864885,-13.01796
Q9HB15,1,-9.450394,-6.710937,-9.582086,-7.694815,-12.83965,-13.21885
Q9Y3D6,1,-9.938221,-8.330604,-8.094868,17.66581,-8.104318,-12.47573
Q9Y490;Q5TCU6,1,22.33066,22.39676,22.3996,20.73422,21.23403,21.39571
